Workbook

Sheet Dashboard
A1: Customer Segmentation Analytics Dashboard
A4: TOTAL CUSTOMERS | D4: AVERAGE AGE
A5: =COUNTA(Customer_Data!A2:A11) | D5: =AVERAGE(Customer_Data!B2:B11)
A8: Customer Segments Breakdown
A9: Customer ID | B9: Age | C9: Annual Income | D9: Spending Score | E9: Segment Group
A10: =Customer_Data!A2 | B10: =Customer_Data!B2 | C10: =Customer_Data!C2 | D10: =Customer_Data!D2 | E10: =Customer_Data!F2
A11: =Customer_Data!A3 | B11: =Customer_Data!B3 | C11: =Customer_Data!C3 | D11: =Customer_Data!D3 | E11: =Customer_Data!F3
A12: =Customer_Data!A4 | B12: =Customer_Data!B4 | C12: =Customer_Data!C4 | D12: =Customer_Data!D4 | E12: =Customer_Data!F4
A13: =Customer_Data!A5 | B13: =Customer_Data!B5 | C13: =Customer_Data!C5 | D13: =Customer_Data!D5 | E13: =Customer_Data!F5
A14: =Customer_Data!A6 | B14: =Customer_Data!B6 | C14: =Customer_Data!C6 | D14: =Customer_Data!D6 | E14: =Customer_Data!F6
A15: =Customer_Data!A7 | B15: =Customer_Data!B7 | C15: =Customer_Data!C7 | D15: =Customer_Data!D7 | E15: =Customer_Data!F7
A16: =Customer_Data!A8 | B16: =Customer_Data!B8 | C16: =Customer_Data!C8 | D16: =Customer_Data!D8 | E16: =Customer_Data!F8
A17: =Customer_Data!A9 | B17: =Customer_Data!B9 | C17: =Customer_Data!C9 | D17: =Customer_Data!D9 | E17: =Customer_Data!F9
A18: =Customer_Data!A10 | B18: =Customer_Data!B10 | C18: =Customer_Data!C10 | D18: =Customer_Data!D10 | E18: =Customer_Data!F10
A19: =Customer_Data!A11 | B19: =Customer_Data!B11 | C19: =Customer_Data!C11 | D19: =Customer_Data!D11 | E19: =Customer_Data!F11

Sheet Customer_Data
A1: Customer_ID | B1: Age | C1: Annual_Income_INR | D1: Spending_Score_1to100 | E1: Gender | F1: Segment
A2: C101 | B2: 25 | C2: 300000 | D2: 40 | E2: Male | F2: =IF(D2>75, "VIP (High Spending)", IF(D2>35, "Regular (Medium)", "Budget (Low Spending)"))
A3: C102 | B3: 42 | C3: 850000 | D3: 85 | E3: Female | F3: =IF(D3>75, "VIP (High Spending)", IF(D3>35, "Regular (Medium)", "Budget (Low Spending)"))
A4: C103 | B4: 19 | C4: 150000 | D4: 20 | E4: Female | F4: =IF(D4>75, "VIP (High Spending)", IF(D4>35, "Regular (Medium)", "Budget (Low Spending)"))
A5: C104 | B5: 35 | C5: 600000 | D5: 70 | E5: Male | F5: =IF(D5>75, "VIP (High Spending)", IF(D5>35, "Regular (Medium)", "Budget (Low Spending)"))
A6: C105 | B6: 50 | C6: 1200000 | D6: 90 | E6: Female | F6: =IF(D6>75, "VIP (High Spending)", IF(D6>35, "Regular (Medium)", "Budget (Low Spending)"))
A7: C106 | B7: 22 | C7: 200000 | D7: 15 | E7: Male | F7: =IF(D7>75, "VIP (High Spending)", IF(D7>35, "Regular (Medium)", "Budget (Low Spending)"))
A8: C107 | B8: 45 | C8: 950000 | D8: 78 | E8: Female | F8: =IF(D8>75, "VIP (High Spending)", IF(D8>35, "Regular (Medium)", "Budget (Low Spending)"))
A9: C108 | B9: 28 | C9: 450000 | D9: 50 | E9: Male | F9: =IF(D9>75, "VIP (High Spending)", IF(D9>35, "Regular (Medium)", "Budget (Low Spending)"))
A10: C109 | B10: 31 | C10: 550000 | D10: 65 | E10: Female | F10: =IF(D10>75, "VIP (High Spending)", IF(D10>35, "Regular (Medium)", "Budget (Low Spending)"))
A11: C110 | B11: 55 | C11: 1100000 | D11: 88 | E11: Male | F11: =IF(D11>75, "VIP (High Spending)", IF(D11>35, "Regular (Medium)", "Budget (Low Spending)"))
